targetName,center,galaxyName,environment,degreesJ2000RA_DecAGN,degreesJ2000RA_DecGalaxy,likelihood,likelihood_1.5,virialRadius,d^1.5,impactParameter (kpc),redshiftDistances,vcorrGalaxy (km/s),radialVelocity (km/s),vel_diff,distGalaxy (Mpc),AGN S/N,majorAxis (kpc),minorAxis (kpc),inclination (deg),positionAngle (deg),azimuth (deg),RC3flag,RC3type,RC3inc (deg),RC3pa (deg),morphology,final_morphology,galaxyRedshift
NGC4939,3110,NGC4939,7,"('196.05996', '-10.33961')","('196.05996', '-10.33961')",2.0,2.0,228.73239418747616,271.21957709575463,0.0,x,3382.0,3110.0,0.0,37.5,x,41.9,28.9,46.0,5.0,x,329.72,.SAS4..,-99.99,10.0,SA(s)bc_Sy2,SA(s)bc_Sy2,0.010374
NGC4939,3110,NGC4933B,7,"('196.05996', '-10.33961')","('195.98642', '-11.49805')",4.681967073348249e-09,1.433389930289854e-06,230.98743791080605,277.06610222111254,1000.7368468632884,x,3507.0,3238.0,128.0,49.4,x,42.5,23.8,56.0,40.0,36.4,106.7,.S..0P.,-99.99,-99,S0/a_pec,S0/a_pec,0.010801
NGC4939,3110,NGC4939:[ZSF97]a,7,"('196.05996', '-10.33961')","('195.51196', '-10.41297')",2.2559066143978073e-11,4.3930861094270486e-66,87.448628802591,33.53899223292197,407.60803140230416,x,3048.0,2776.0,-334.0,42.93,x,10.4,8.3,37.0,20.0,62.3,82.82,.SBS3P/,-99.99,-99,SB(s)b_pec_sp,SB(s)b_pec_sp,0.00926
NGC4939,3110,MCG-02-33-097,7,"('196.05996', '-10.33961')","('195.56775', '-11.23567')",8.193653497461628e-33,2.096806316623847e-199,89.18150695194646,35.00061428032371,745.3026548697043,x,2978.0,2708.0,-402.0,41.94,x,10.7,4.7,64.0,30.0,1.6,72.14,.SBT6*.,-99.99,-99,SB(rs)cd:,SB(rs)cd:,0.009034
NGC4939,3110,NGC4933C,7,"('196.05996', '-10.33961')","('196.00455', '-11.49056')",2.929174163438278e-66,0.0,79.75144500161812,27.451247694777006,979.1704167162612,x,3457.0,3188.0,78.0,48.69,x,9.1,9.1,0.0,-99,78.3,-99.99,x,-99.99,-99,Im:_pec,Im:_pec,0.010634
NGC4939,3110,NGC4933A,7,"('196.05996', '-10.33961')","('195.97805', '-11.50506')",7.752817948391632e-103,0.0,63.22811231576235,16.57181341917655,969.5118908394295,x,3376.0,3107.0,-3.0,47.55,x,6.5,6.5,0.0,-99,77.0,57.3,.E...P.,-99.99,-99,E_pec,E_pec,0.010364
NGC4939,3110,PGC045016,7,"('196.05996', '-10.33961')","('195.63102', '-11.43697')",-99.99,-99.99,-99.99,-99.99,1061.650647978602,x,3675.0,3405.0,295.0,51.75,x,-99.99,-99.99,-99,-99,60.0,-99.99,x,-99.99,-99,x,x,0.011358
