Name,Target,z,z_target,b,RAdeg,DEdeg,RAdeg_target,DEdeg_target,Vhel,vcorr,bestDist,MajDiam,MinDiam,e_MajDiam,e_MinDiam,R_vir,adjustedInc,e_inc,PA,azimuth,RC3_type,RC3_d25,RC3_r25,RC3_pa,group_num,group_mem,group_dist,MType,flag,distIndicator,Bmag,Bmag_sdss,Lstar_med,e_Lstar_med,Lstar_sdss,e_Lstar_sdss
CGCG039-137,RX_J1121.2+0326,0.023022,0.15200,98.88440935534953,170.36231,3.44491,170.30833333333334,3.4297222222222223,6902,7186,101.21,26.35,12.91,2.6,1.3,166.09,63,2,145,70.7,x,-99.99,-99.99,-99,-99,-99,-99.99,Scd,0,x,-99.99,16.1,-99.99,-99.99,0.62,0.31
CGCG039-137,RX_J1121.2+0326,0.023022,0.15200,98.88440935534953,170.36231,3.44491,170.30833333333334,3.4297222222222223,6902,7186,101.21,26.35,12.91,2.6,1.3,166.09,63,2,145,70.7,x,-99.99,-99.99,-99,-99,-99,-99.99,Scd,0,x,-99.99,16.1,-99.99,-99.99,0.62,0.31
CGCG039-137,SDSSJ112224.10+031802.0,0.023022,0.47528,491.23997591014734,170.36231,3.44491,170.60041666666666,3.3005555555555555,6902,7186,101.21,26.35,12.91,2.6,1.3,166.09,63,2,145,23.7,x,-99.99,-99.99,-99,-99,-99,-99.99,Scd,0,x,-99.99,16.1,-99.99,-99.99,0.62,0.31
