Name,Target,z,z_target,b,RAdeg,DEdeg,RAdeg_target,DEdeg_target,Vhel,vcorr,bestDist,MajDiam,MinDiam,e_MajDiam,e_MinDiam,R_vir,inc,e_inc,PA,azimuth,RC3_type,RC3_d25,RC3_r25,RC3_pa,group_num,group_mem,group_dist,MType,flag,distIndicator,Bmag,Bmag_sdss,Lstar_med,e_Lstar_med,Lstar_sdss,e_Lstar_sdss
UGC06446,RX_J1117.6+5301,0.002153,0.15871,416.788,171.66858,53.74668,169.41875,53.03083333,645,866,15.7,17.61,11.8,1.8,1.7,125.77,48,2,10,52.1,.SA.7..,212.89,0.65,10,-99,-99,-99.99,SAd,0,TF,13.5,15.1,0.15,0.066,0.036,0.015
UGC06446,RBS971,0.002153,0.104,225.773,171.66858,53.74668,170.2858333,53.85583333,645,866,15.7,17.61,11.8,1.8,1.7,125.77,48,2,10,87.6,.SA.7..,212.89,0.65,10,-99,-99,-99.99,SAd,0,TF,13.5,15.1,0.15,0.066,0.036,0.015
UGC06446,SDSSJ112448.30+531818.0,0.002153,0.53151,142.916,171.66858,53.74668,171.20125,53.30527778,645,866,15.7,17.61,11.8,1.8,1.7,125.77,48,2,10,22.3,.SA.7..,212.89,0.65,10,-99,-99,-99.99,SAd,0,TF,13.5,15.1,0.15,0.066,0.036,0.015
UGC06446,MCG9-19-073,0.002153,0.021,179.474,171.66858,53.74668,171.4008333,54.3825,645,866,15.7,17.61,11.8,1.8,1.7,125.77,48,2,10,23.8,.SA.7..,212.89,0.65,10,-99,-99,-99.99,SAd,0,TF,13.5,15.1,0.15,0.066,0.036,0.015