AGNname,center,galaxyName,environment,degreesJ2000RA_DecAGN,degreesJ2000RA_DecGalaxy,likelihood,likelihood_1.5,virialRadius,d^1.5,impactParameter (kpc),redshiftDistances,vcorrGalaxy (km/s),vel_diff,distGalaxy (Mpc),AGN S/N,majorAxis (kpc),minorAxis (kpc),inclination (deg),positionAngle (deg),azimuth (deg),RC3flag,RC3type,RC3inc (deg),RC3pa (deg),morphology,final_morphology,galaxyRedshift
MRC2251-178,3063,HIPASSJ2254-18,x,"('343.52458', '-17.58194')","(343.6474, -18.00054)",0.0008950139976529037,3.9132146727260404e-10,121.74843978037151,68.8595091472485,319.5117247606551,x,2990.5,72.5,42.12023615,x,16.8,10.1,53.1,40.0,24.4,ESO603-G27,.IBS9..,52.9,40.0,IB(s)m,IB(s)m,0.010898
MRC2251-178,3063,2dFGRSS924Z198,x,"('343.52458', '-17.58194')","(343.36075, -17.82269)",1.859958915668545e-25,0.0,27.060759693886542,2.618969262897142,202.56211950395485,x,2872.0,191.0,40.45110964,x,1.9,1.4,41.4,x,x,0,x,x,x,x,x,0.0105
MRC2251-178,3063,ESO603-IG023NED02,x,"('343.52458', '-17.58194')","(343.12154, -17.1805)",-99,-99,-99,-99,410.8666836190168,x,3006.3,56.69999999999982,42.34236638,x,x,x,x,x,x,0,x,x,x,x,x,0.010948
