targetName,center,galaxyName,environment,degreesJ2000RA_DecAGN,degreesJ2000RA_DecGalaxy,likelihood,likelihood_1.5,virialRadius,d^1.5,impactParameter (kpc),redshiftDistances,vcorrGalaxy (km/s),radialVelocity (km/s),vel_diff,distGalaxy (Mpc),AGN S/N,majorAxis (kpc),minorAxis (kpc),inclination (deg),positionAngle (deg),azimuth (deg),RC3flag,RC3type,RC3inc (deg),RC3pa (deg),morphology,final_morphology,galaxyRedshift
NGC3666,1060,NGC3666,7,"('171.10862', '11.34222')","('171.10862', '11.34222')",2.0,2.0,107.88503026350668,52.945453062562414,0.0,x,1349.0,1060.0,0.0,17.8,x,14.1,4.2,73.0,100.0,x,261.91,.SAT5*.,-99.99,100.0,SA(rs)c:,SA(rs)c:,0.003536
NGC3666,1060,SDSSJ112420.01+112040.6,7,"('171.10862', '11.34222')","('171.08342', '11.34461')",1.4662255967287572,1.24947797285194,66.54533988759152,18.520259177452136,7.712,x,1458.0,1169.0,109.0,17.8,x,7.0,2.9,65.0,108.0,12.5,-99.99,x,-99.99,-99,x,x,0.003901
NGC3666,1060,IC0692,7,"('171.10862', '11.34222')","('171.4728', '9.98749')",2.08599955251981e-30,0.0,52.75811898352246,11.180339887498949,435.397,x,1446.0,1157.0,97.0,17.8,x,5.0,2.5,60.0,115.0,50.2,41.51,.S?....,-99.99,125.0,E,E,0.003858
NGC3666,1060,IC2715,7,"('171.10862', '11.34222')","('169.80996', '11.95217')",4.577550865878901e-75,0.0,33.599406811092535,4.192374029115246,438.318,x,1148.0,861.0,-199.0,17.8,x,2.6,1.3,61.0,94.0,21.6,-99.99,x,-99.99,-99,x,x,0.002872
NGC3666,1060,IC2791,7,"('171.10862', '11.34222')","('170.90674', '12.89579')",3.8645592833626045e-117,0.0,29.941368737561735,3.263127334322092,486.646,x,955.0,666.0,-394.0,17.8,x,2.2,1.1,60.0,159.0,13.7,-99.99,x,-99.99,-99,x,x,0.002222
NGC3666,1060,SDSSJ112934.60+104835.4,7,"('171.10862', '11.34222')","('172.39421', '10.80985')",5.269599227706288e-127,0.0,25.061655495164096,2.2165288177689004,425.498,x,1034.0,743.0,-317.0,17.8,x,1.7,1.2,45.0,161.0,48.1,-99.99,x,-99.99,-99,x,x,0.00248
NGC3666,1060,AGC215415,7,"('171.10862', '11.34222')","('171.14125', '12.68')",-99.99,-99.99,-99.99,-99.99,415.8,x,1293.0,1004.0,-56.0,17.8,x,-99.99,-99.99,-99,-99,79.6,-99.99,x,-99.99,-99,x,x,0.003349
