AGNname,center,galaxyName,environment,degreesJ2000RA_DecAGN,degreesJ2000RA_DecGalaxy,likelihood,likelihood_1.5,virialRadius,d^1.5,impactParameter (kpc),redshiftDistances,vcorrGalaxy (km/s),vel_diff,distGalaxy (Mpc),AGN S/N,majorAxis (kpc),minorAxis (kpc),inclination (deg),positionAngle (deg),azimuth (deg),RC3flag,RC3type,RC3inc (deg),RC3pa (deg),morphology,final_morphology,galaxyRedshift
SDSSJ080838.80+051440.0,8927,UGC04239,3,"('122.16167', '5.24444')","(121.99208, 5.20667)",0.153958991273,0.852669183667,278.7260738,416.822638541,378.322648124,x,8893.1,-33.9,125.2551175,x,55.8,40.2,43.9,115.0,37.6,0,x,x,x,S,S,0.02923
SDSSJ080838.80+051440.0,8927,SDSSJ080901.35+051832.7,3,"('122.16167', '5.24444')","(122.25562, 5.30908)",0.000415828897828,5.08808495341e-09,114.654022853,60.4339639607,239.174658722,x,8556.4,-370.6,120.5129961,x,15.4,7.7,60.0,17.0,38.4,0,x,x,x,x,x,0.028104
SDSSJ080838.80+051440.0,8927,SDSSJ080857.48+052138.1,3,"('122.16167', '5.24444')","(122.2395, 5.36058)",2.88866691096e-06,3.20375156516e-19,106.295913753,51.264724714,319.62010184,x,9312.4,385.4,131.1605403,x,13.8,10.4,41.4,45.0,11.3,0,x,x,x,x,x,0.030624
