targetName,center,galaxyName,environment,degreesJ2000RA_DecAGN,degreesJ2000RA_DecGalaxy,likelihood,likelihood_1.5,virialRadius,d^1.5,impactParameter (kpc),redshiftDistances,vcorrGalaxy (km/s),radialVelocity (km/s),vel_diff,distGalaxy (Mpc),AGN S/N,majorAxis (kpc),minorAxis (kpc),inclination (deg),positionAngle (deg),azimuth (deg),RC3flag,RC3type,RC3inc (deg),RC3pa (deg),morphology,final_morphology,galaxyRedshift
NGC5786,2975,NGC5786,3,"('224.73442', '-42.01336')","('224.73442', '-42.01336')",1.9737241321472028,1.9737241321472028,182.05846719712505,165.13903536111624,0.0,x,3124.0,2998.0,23.0,29.8,x,30.1,13.8,63.0,80.0,x,140.65,PSBS4..,0.49,63.0,(R'_2)SAB(s)bc,(R'_2)SAB(s)bc,0.01
NGC5786,2975,ESO327-G038,3,"('224.73442', '-42.01336')","('224.74004', '-42.13178')",1.4102026403627823,0.3208577952526304,113.62452368874946,59.2605096164385,61.629,x,3054.0,2928.0,-47.0,29.8,x,15.2,14.0,23.0,80.0,82.0,-99.99,x,0.49,-99,S0,S0,0.009767
NGC5786,2975,ESO327-G039,3,"('224.73442', '-42.01336')","('224.75563', '-42.58172')",0.015750590453376217,0.0002491262348279172,146.64648230558288,103.18914671611545,295.731,x,3041.0,2917.0,-58.0,29.8,x,22.0,4.4,78.0,5.0,6.6,125.36,.S..3*/,0.49,176.0,Sb:_sp,Sb:_sp,0.00973
