AGNname,galaxyName,environment,degreesJ2000RA_DecAGN,degreesJ2000RA_DecGalaxy,impactParameter (kpc),redshiftDistances,vcorrGalaxy (km/s),distGalaxy (Mpc),AGN S/N,majorAxis (kpc),minorAxis (kpc),inclination (deg),positionAngle (deg),azimuth (deg),corrected_az (deg),RC3flag,RC3type,RC3inc (deg),RC3pa (deg),morphology,galaxyRedshift
SBS1122+594,SDSSJ113014.40+595626.9,x,"('171.47375', '59.17278')","(172.56004, 59.94083)",277.1183194050781,x,1193.1,16.80395999,x,3.6,2.0,56.6,41.0,x,x,0,x,x,x,x,0.003313
SBS1122+594,CGCG291-076,x,"('171.47375', '59.17278')","(172.57199, 58.13391)",485.4366884333684,x,1665.7,23.46005658,x,7.8,6.9,27.1,x,x,x,0,x,x,x,SA(s)m:,0.004867
SBS1122+594,MCG+10-17-017,x,"('171.47375', '59.17278')","(173.82558, 58.88854)",377.59976959190413,x,1235.7,17.40449196,x,4.1,2.2,56.6,35.0,x,x,0,x,x,x,x,0.00344
SBS1122+594,SDSSJ112149.19+585434.0,x,"('171.47375', '59.17278')","(170.45496, 58.90944)",244.87373160910388,x,1698.4,23.92109126,x,1.5,1.2,35.9,147.0,x,x,0,x,x,x,x,0.004991
SBS1122+594,SDSSJ112235.67+585840.5,x,"('171.47375', '59.17278')","(170.64866, 58.97794)",166.9368934938275,x,1455.3,20.49709727,x,3.7,1.9,59.3,161.0,x,x,0,x,x,x,x,0.004181
SBS1122+594,SDSSJ112625.96+591737.4,x,"('171.47375', '59.17278')","(171.6082, 59.29375)",52.80998576210131,x,1543.8,21.74407849,x,3.4,2.4,44.8,128.0,x,x,0,x,x,x,x,0.004476
SBS1122+594,IC0691,x,"('171.47375', '59.17278')","(171.68465, 59.15543)",45.288412639304354,x,1399.4,23.700001,x,6.9,5.1,42.3,155.0,x,x,IC691,.I?....,48.6,150.0,I?;WR?         HII,0.003992
SBS1122+594,SDSSJ112725.46+583820.0,x,"('171.47375', '59.17278')","(171.85612, 58.63889)",200.43219567537062,x,1432.4,20.17420515,x,4.0,1.2,72.5,143.0,x,x,0,x,x,x,x,0.004096
