AGNname,center,galaxyName,environment,degreesJ2000RA_DecAGN,degreesJ2000RA_DecGalaxy,likelihood,likelihood_1.5,virialRadius,d^1.5,impactParameter (kpc),redshiftDistances,vcorrGalaxy (km/s),vel_diff,distGalaxy (Mpc),AGN S/N,majorAxis (kpc),minorAxis (kpc),inclination (deg),positionAngle (deg),azimuth (deg),RC3flag,RC3type,RC3inc (deg),RC3pa (deg),morphology,final_morphology,galaxyRedshift
3C351.0,3481,NGC6310,6,"('256.1725', '60.74194')","(256.98946, 60.99017)",0.01535089265624924,0.01706200925549777,200.0300187226492,202.64161714712012,406.34311892973307,x,3525.7,44.69999999999982,49.65828781,x,34.5,8.3,76.1,70.0,11.9,NGC6310,.S..3*/,77.7,69.0,Sb: sp,Sb: sp,0.011405
3C351.0,3481,MRK0892,6,"('256.1725', '60.74194')","(256.56603, 60.7052)",0.009904644069859001,6.955203096038303e-08,101.46281332368314,46.332375289855364,179.40139049820138,x,3725.0,244.0,52.46477936,x,12.9,6.7,58.7,170.0,69.2,0,x,x,x,Pair,Pair,0.012064
3C351.0,3481,NGC6307,6,"('256.1725', '60.74194')","(256.91863, 60.75078)",0.0022551898520091073,8.349769387006553e-05,149.85037753949183,108.15305358611008,283.68385755919684,x,3164.1,-316.9000000000001,44.56520255,x,22.7,15.4,47.2,150.0,61.4,NGC6307,PSBS0P.,40.7,145.0,(R')SB(s)0/a pec,(R')SB(s)0/a pec,0.010197
3C351.0,3481,NGC6292,6,"('256.1725', '60.74194')","(255.76446, 61.04388)",0.0007819651267490525,8.358665141360306e-07,148.4810850792956,106.01614971314511,396.0493005527619,x,3520.5,39.5,62.8,x,22.4,15.7,45.6,85.0,61.6,NGC6292,.S..4..,59.1,105.0,Sbc,Sbc,0.011378
3C351.0,3481,SDSSJ170327.95+610631.5,6,"('256.1725', '60.74194')","(255.86729, 61.10881)",3.226144419783349e-08,1.4292500586965372e-62,80.35512867333026,27.904981634109703,332.8968287919133,x,3422.2,-58.80000000000018,48.20028618,x,9.2,5.5,53.1,15.0,37.1,0,x,x,x,x,x,0.01105
3C351.0,3481,2MASXJ17071270+6055144,6,"('256.1725', '60.74194')","(256.803, 60.92067)",8.056688896416574e-21,0.0,42.058010542046325,6.8305197459636995,280.1830933170593,x,3206.2,-274.8000000000002,45.15829266,x,3.6,2.5,45.6,145.0,85.1,0,x,x,x,HII,HII,0.010336
