AGNname,galaxyName,environment,degreesJ2000RA_DecAGN,degreesJ2000RA_DecGalaxy,impactParameter (kpc),redshiftDistances,vcorrGalaxy (km/s),distGalaxy (Mpc),AGN S/N,majorAxis (kpc),minorAxis (kpc),inclination (deg),positionAngle (deg),azimuth (deg),corrected_az (deg),RC3flag,RC3type,RC3inc (deg),RC3pa (deg),morphology,galaxyRedshift
SBS1122+594,SDSSJ113014.40+595626.9,x,"('171.47375', '59.17278')","(172.56004, 59.94083)",277.118319405,x,1193.1,16.80395999,x,3.6,2.0,56.6,41.0,76.9,76.9,0,x,x,x,x,0.003313
SBS1122+594,MCG+10-17-017,x,"('171.47375', '59.17278')","(173.82558, 58.88854)",377.599769592,x,1235.7,17.40449196,x,4.1,2.2,56.6,35.0,41.7,41.7,0,x,x,x,x,0.00344
SBS1122+594,SDSSJ112235.67+585840.5,x,"('171.47375', '59.17278')","(170.64866, 58.97794)",166.936893494,x,1455.3,20.49709727,x,3.7,1.9,59.3,161.0,46.3,46.3,0,x,x,x,x,0.004181
SBS1122+594,SDSSJ112625.96+591737.4,x,"('171.47375', '59.17278')","(171.6082, 59.29375)",52.8099857621,x,1543.8,21.74407849,x,3.4,2.4,44.8,128.0,22.3,22.3,0,x,x,x,x,0.004476
SBS1122+594,IC0691,x,"('171.47375', '59.17278')","(171.68465, 59.15543)",45.2884126393,x,1399.4,23.700001,x,6.9,5.1,42.3,155.0,74.1,74.1,IC691,.I?....,48.6,150.0,I?;WR?         HII,0.003992
SBS1122+594,SDSSJ112725.46+583820.0,x,"('171.47375', '59.17278')","(171.85612, 58.63889)",200.432195675,x,1432.4,20.17420515,x,4.0,1.2,72.5,143.0,57.2,57.2,0,x,x,x,x,0.004096
