AGNname,center,galaxyName,environment,degreesJ2000RA_DecAGN,degreesJ2000RA_DecGalaxy,likelihood,likelihood_1.5,virialRadius,d^1.5,impactParameter (kpc),redshiftDistances,vcorrGalaxy (km/s),vel_diff,distGalaxy (Mpc),AGN S/N,majorAxis (kpc),minorAxis (kpc),inclination (deg),positionAngle (deg),azimuth (deg),RC3flag,RC3type,RC3inc (deg),RC3pa (deg),morphology,final_morphology,galaxyRedshift
TON1009,4295,IC2439,4,"('137.27542', '32.60861')","(137.16024, 32.59295)",0.44683895684,0.297120827243,153.474711251,113.920476649,108.599296216,x,4494.8,199.8,63.30638611,x,23.5,7.5,71.3,30.0,50.8,MCG6-20-32,.L?....,-99,-99,S0?,S0?,0.01434
TON1009,4295,CGCG180-046,4,"('137.27542', '32.60861')","(137.38951, 32.50636)",0.0380964946286,5.05601839974e-08,92.6028016004,37.9854840696,153.219136061,x,4440.6,145.6,62.54327153,x,11.3,7.0,51.7,85.0,51.8,0,x,x,x,x,x,0.014156
TON1009,4295,KUG0906+331,4,"('137.27542', '32.60861')","(137.48297, 32.9738)",8.29595597035e-13,1.37075658588e-100,78.5378674411,26.5512523245,401.097370248,x,4031.5,-263.5,56.78164689,x,8.9,3.9,63.9,168.0,37.6,0,x,x,x,Spiral,Spiral,0.012792
TON1009,4295,KUG0906+333ANED01,4,"('137.27542', '32.60861')","(137.33077, 33.12324)",6.98864674183e-13,2.95094464425e-53,100.919450944,45.7946721792,495.497536845,x,3900.9,-394.1,54.94195498,x,12.8,5.6,64.1,x,x,0,x,x,x,x,x,0.012359
