AGNname,center,galaxyName,environment,degreesJ2000RA_DecAGN,degreesJ2000RA_DecGalaxy,likelihood,likelihood_1.5,virialRadius,d^1.5,impactParameter (kpc),redshiftDistances,vcorrGalaxy (km/s),vel_diff,distGalaxy (Mpc),AGN S/N,majorAxis (kpc),minorAxis (kpc),inclination (deg),positionAngle (deg),azimuth (deg),RC3flag,RC3type,RC3inc (deg),RC3pa (deg),morphology,final_morphology,galaxyRedshift
TON488,1250,UGC05478,3,"('152.50292', '30.05583')","(152.38167, 30.15171)",0.043604993002610934,0.002950516566262314,92.03657223404926,37.48236918872658,58.03988155783751,x,1620.3,370.29999999999995,23.4,x,11.2,11.0,11.5,x,x,UGC5478,.I..9..,12.2,-99,Im,Im,0.004597
TON488,1250,UGC05464,3,"('152.50292', '30.05583')","(152.03211, 29.5429)",0.0002190770169341461,6.692299497523602e-44,69.14644974667412,20.13017635292846,200.7092518626859,x,1245.1,-4.900000000000091,17.53677262,x,7.4,4.6,51.7,135.0,83.5,UGC5464,.S..9..,51.9,135.0,Sm,Sm,0.003344
TON488,1250,KUG0959+299,3,"('152.50292', '30.05583')","(150.59661, 29.72593)",5.103867920468593e-97,0.0,28.035654353601306,2.8284271247461903,416.03467157206296,x,1004.2,-245.79999999999995,14.14403573,x,2.0,1.4,45.6,74.0,4.7,0,x,x,x,x,x,0.002554
