Name,Target,identified,v_limits,e_v_center,Lya_v,Lya_W,e_Lya_W,Na,e_Na,b,e_b,W,e_W,comment,z,z_target,impact,RAdeg,DEdeg,RAdeg_target,DEdeg_target,Vhel,vcorr,bestDist,MajDiam,MinDiam,e_MajDiam,e_MinDiam,R_vir,adjustedInc,e_inc,PA,azimuth,RC3_type,RC3_d25,RC3_r25,RC3_pa,group_num,group_mem,group_dist,MType,flag,distIndicator,Bmag,Bmag_sdss,Lstar_med,e_Lstar_med,Lstar_sdss,e_Lstar_sdss
UGC09760,SDSSJ150450.16+012215.5,no,,,,,,,,,,,,only G140L,0.006748,0.9672,854.3508366,228.01018,1.69874,226.2091667,1.371111111,2023,2245,26.75,21.21,1.909,4.2,2.9,142.99,90,6,57,22.7,.S..7./,147.28,0.09,57,-99,-99,-99.99,Sd,0,TF,14.6,21.8,0.17,0.15,0.00023,0.0002
UGC09760,SDSSJ151025.00+005843.0,no,,,,,,,,,,,,only G140L,0.006748,0.072,385.9224725,228.01018,1.69874,227.60375,0.978888889,2023,2245,26.75,21.21,1.909,4.2,2.9,142.99,90,6,57,27.6,.S..7./,147.28,0.09,57,-99,-99,-99.99,Sd,0,TF,14.6,21.8,0.17,0.15,0.00023,0.0002
UGC09760,SDSSJ151237.15+012846.0,Lya,"1954, 2120",1,2051,496,36,1.87E+14,3.65E+13,57.4,2.1,95.6,3.4,noisy,0.006748,0.26625,122.680136,228.01018,1.69874,228.155,1.479444444,2023,2245,26.75,21.21,1.909,4.2,2.9,142.99,90,6,57,89.6,.S..7./,147.28,0.09,57,-99,-99,-99.99,Sd,0,TF,14.6,21.8,0.17,0.15,0.00023,0.0002
UGC09760,SDSSJ151237.15+012846.0,Lya,"7654, 10200",7,8817,7289,111,3.10E+15,1.56E+14,810.1,15.2,x,x,huge,0.006748,0.26625,122.680136,228.01018,1.69874,228.155,1.479444444,2023,2245,26.75,21.21,1.909,4.2,2.9,142.99,90,6,57,89.6,.S..7./,147.28,0.09,57,-99,-99,-99.99,Sd,0,TF,14.6,21.8,0.17,0.15,0.00023,0.0002